Title,Word,Score
1984,freedom,0.23930471379536852
1984,thought,0.23930471379536852
1984,brother,0.21252538899187862
1984,big,0.20296743425956104
1984,edition,0.16243402679434804
1984,war,0.16243402679434804
1984,affair,0.13028032985101912
1984,deckle,0.13028032985101912
1984,dystopian,0.13028032985101912
1984,forbidden,0.13028032985101912
1984,foreword,0.13028032985101912
1984,french,0.13028032985101912
1984,imprisonment,0.13028032985101912
1984,individuality,0.13028032985101912
1984,occasionalternate,0.13028032985101912
Dune Messiah,paul,0.3410517179939415
Dune Messiah,atreides,0.227367811995961
Dune Messiah,house,0.18314734514253633
Dune Messiah,assume,0.13937889343409343
Dune Messiah,bestselling,0.13937889343409343
Dune Messiah,chani,0.13937889343409343
Dune Messiah,christen,0.13937889343409343
Dune Messiah,conduct,0.13937889343409343
Dune Messiah,conspiracy,0.13937889343409343
Dune Messiah,crumble,0.13937889343409343
Dune Messiah,enmity,0.13937889343409343
Dune Messiah,fremens,0.13937889343409343
Dune Messiah,icon,0.13937889343409343
Dune Messiah,known,0.13937889343409343
Dune Messiah,lover,0.13937889343409343
Spider-Man: Blue,fall,0.239044260615554
Spider-Man: Blue,love,0.239044260615554
Spider-Man: Blue,stacy,0.2356781451228952
Spider-Man: Blue,spider,0.22607644894519008
Spider-Man: Blue,gwen,0.21645205815395233
Spider-Man: Blue,man,0.2055003662178237
Spider-Man: Blue,rest,0.20281093236098238
Spider-Man: Blue,life,0.19992024330162336
Spider-Man: Blue,spend,0.19223005317228214
Spider-Man: Blue,parker,0.16435875842309672
Spider-Man: Blue,peter,0.15936284041036933
Spider-Man: Blue,story,0.11986848463338759
Spider-Man: Blue,appropriately,0.1178390725614476
Spider-Man: Blue,daredevil,0.1178390725614476
Spider-Man: Blue,eisner,0.1178390725614476
The Lightning Thief,percy,0.3684328658643829
The Lightning Thief,camp,0.21984399663214554
The Lightning Thief,demigod,0.19900320787561812
The Lightning Thief,know,0.1983306599601961
The Lightning Thief,god,0.14547278128421195
The Lightning Thief,find,0.13222043997346408
The Lightning Thief,algebra,0.1277357801660498
The Lightning Thief,boarding,0.1277357801660498
The Lightning Thief,catastrophic,0.1277357801660498
The Lightning Thief,gate,0.1277357801660498
The Lightning Thief,herepercy,0.1277357801660498
The Lightning Thief,hollywood,0.1277357801660498
The Lightning Thief,island,0.1277357801660498
The Lightning Thief,lately,0.1277357801660498
The Lightning Thief,mom,0.1277357801660498
The Truth,william,0.4489597258193041
The Truth,want,0.3731764993058187
The Truth,people,0.24412828470357245
The Truth,dead,0.2158250912238105
The Truth,accidental,0.14965324193976803
The Truth,beg,0.14965324193976803
The Truth,cope,0.14965324193976803
The Truth,editor,0.14965324193976803
The Truth,fascination,0.14965324193976803
The Truth,flash,0.14965324193976803
The Truth,humorously,0.14965324193976803
The Truth,journalist,0.14965324193976803
The Truth,newspaper,0.14965324193976803
The Truth,photography,0.14965324193976803
The Truth,potato,0.14965324193976803
Harry Potter and the Philosopher’s Stone,harry,0.3386929615644002
Harry Potter and the Philosopher’s Stone,potter,0.3386929615644002
Harry Potter and the Philosopher’s Stone,owl,0.2577523040807551
Harry Potter and the Philosopher’s Stone,deadly,0.23672545743734696
Harry Potter and the Philosopher’s Stone,duel,0.23672545743734696
Harry Potter and the Philosopher’s Stone,ordinary,0.23672545743734696
Harry Potter and the Philosopher’s Stone,rescue,0.23672545743734696
Harry Potter and the Philosopher’s Stone,quidditch,0.22180667232233356
Harry Potter and the Philosopher’s Stone,reason,0.22180667232233356
Harry Potter and the Philosopher’s Stone,take,0.20077982567892544
Harry Potter and the Philosopher’s Stone,witchcraft,0.20077982567892544
Harry Potter and the Philosopher’s Stone,wizardry,0.20077982567892544
Harry Potter and the Philosopher’s Stone,boy,0.19278578959570175
Harry Potter and the Philosopher’s Stone,play,0.19278578959570175
Harry Potter and the Philosopher’s Stone,think,0.19278578959570175
Harry Potter and the Prisoner of Azkaban,harry,0.3532610874700745
Harry Potter and the Prisoner of Azkaban,school,0.3532610874700745
Harry Potter and the Prisoner of Azkaban,guard,0.32921023666944293
Harry Potter and the Prisoner of Azkaban,hogwarts,0.24997953921361435
Harry Potter and the Prisoner of Azkaban,atmosphere,0.17922596485208547
Harry Potter and the Prisoner of Azkaban,azkaban,0.17922596485208547
Harry Potter and the Prisoner of Azkaban,escaped,0.17922596485208547
Harry Potter and the Prisoner of Azkaban,horrible,0.17922596485208547
Harry Potter and the Prisoner of Azkaban,prison,0.17922596485208547
Harry Potter and the Prisoner of Azkaban,tense,0.17922596485208547
Harry Potter and the Prisoner of Azkaban,hermione,0.16460511833472147
Harry Potter and the Prisoner of Azkaban,mass,0.16460511833472147
Harry Potter and the Prisoner of Azkaban,murderer,0.16460511833472147
Harry Potter and the Prisoner of Azkaban,ron,0.16460511833472147
Harry Potter and the Prisoner of Azkaban,sinister,0.16460511833472147
Dracula,dracula,0.49069307798462497
Dracula,include,0.22414375765143651
Dracula,film,0.21029703342198217
Dracula,novel,0.1516418082030705
Dracula,adaptation,0.14019802228132144
Dracula,bram,0.14019802228132144
Dracula,review,0.14019802228132144
Dracula,stoker,0.14019802228132144
Dracula,early,0.12064628054168422
Dracula,dramatic,0.11435202557171306
Dracula,vampire,0.11435202557171306
Dracula,edition,0.08739972232876807
Dracula,apparently,0.07009901114066072
Dracula,appeal,0.07009901114066072
Dracula,arata,0.07009901114066072
Spider-Man: Reign,peter,0.3410972440490113
Spider-Man: Reign,andrews,0.16814703180280366
Spider-Man: Reign,anymore,0.16814703180280366
Spider-Man: Reign,apple,0.16814703180280366
Spider-Man: Reign,cape,0.16814703180280366
Spider-Man: Reign,curb,0.16814703180280366
Spider-Man: Reign,doorstep,0.16814703180280366
Spider-Man: Reign,kaare,0.16814703180280366
Spider-Man: Reign,package,0.16814703180280366
Spider-Man: Reign,red,0.16814703180280366
Spider-Man: Reign,reign,0.16814703180280366
Spider-Man: Reign,searing,0.16814703180280366
Spider-Man: Reign,swing,0.16814703180280366
Spider-Man: Reign,tight,0.16814703180280366
Spider-Man: Reign,blue,0.15442997944173495
The Serpent's Shadow,kanes,0.3280555366361552
The Serpent's Shadow,kane,0.2913445766645309
The Serpent's Shadow,serpent,0.23812977657686552
The Serpent's Shadow,apophis,0.21870369109077015
The Serpent's Shadow,magician,0.20492066409162693
The Serpent's Shadow,chaos,0.19422971777635392
The Serpent's Shadow,lead,0.17810912366950493
The Serpent's Shadow,shadow,0.17810912366950493
The Serpent's Shadow,house,0.15645423530378713
The Serpent's Shadow,ack,0.11906488828843276
The Serpent's Shadow,conclusion,0.11906488828843276
The Serpent's Shadow,depth,0.11906488828843276
The Serpent's Shadow,despite,0.11906488828843276
The Serpent's Shadow,eternal,0.11906488828843276
The Serpent's Shadow,have,0.11906488828843276
Harry Potter and the Deathly Hallows,harry,0.41574558702686426
Harry Potter and the Deathly Hallows,task,0.2366445434699788
Harry Potter and the Deathly Hallows,burrow,0.15819546776617133
Harry Potter and the Deathly Hallows,companionship,0.15819546776617133
Harry Potter and the Deathly Hallows,eagerly,0.15819546776617133
Harry Potter and the Deathly Hallows,feel,0.15819546776617133
Harry Potter and the Deathly Hallows,hesitation,0.15819546776617133
Harry Potter and the Deathly Hallows,horcruxe,0.15819546776617133
Harry Potter and the Deathly Hallows,inexorable,0.15819546776617133
Harry Potter and the Deathly Hallows,seventh,0.15819546776617133
Harry Potter and the Deathly Hallows,strength,0.15819546776617133
Harry Potter and the Deathly Hallows,unveil,0.15819546776617133
Harry Potter and the Deathly Hallows,warmth,0.15819546776617133
Harry Potter and the Deathly Hallows,await,0.14529024136183494
Harry Potter and the Deathly Hallows,burden,0.14529024136183494
Amazing Spider-Man Vol. 11: Back in Black,spider,0.25108203480575336
Amazing Spider-Man Vol. 11: Back in Black,change,0.21905310127439148
Amazing Spider-Man Vol. 11: Back in Black,aftermath,0.19630930769036592
Amazing Spider-Man Vol. 11: Back in Black,believer,0.19630930769036592
Amazing Spider-Man Vol. 11: Back in Black,closet,0.19630930769036592
Amazing Spider-Man Vol. 11: Back in Black,gear,0.19630930769036592
Amazing Spider-Man Vol. 11: Back in Black,plenty,0.19630930769036592
Amazing Spider-Man Vol. 11: Back in Black,reel,0.19630930769036592
Amazing Spider-Man Vol. 11: Back in Black,wardrobe,0.19630930769036592
Amazing Spider-Man Vol. 11: Back in Black,wrack,0.19630930769036592
Amazing Spider-Man Vol. 11: Back in Black,board,0.18029484092468495
Amazing Spider-Man Vol. 11: Back in Black,consider,0.18029484092468495
Amazing Spider-Man Vol. 11: Back in Black,favorite,0.18029484092468495
Amazing Spider-Man Vol. 11: Back in Black,man,0.17117257351673973
Amazing Spider-Man Vol. 11: Back in Black,reason,0.16893239592946177
Small Gods,word,0.45459164094118243
Small Gods,want,0.32931958625538355
Small Gods,brotherly,0.2641310147292696
Small Gods,brutha,0.2641310147292696
Small Gods,hey,0.2641310147292696
Small Gods,inquisition,0.2641310147292696
Small Gods,justice,0.2641310147292696
Small Gods,novice,0.2641310147292696
Small Gods,choose,0.22729582047059121
Small Gods,torture,0.22729582047059121
Small Gods,stop,0.21543753655808895
Small Gods,beginning,0.20574861312248513
Small Gods,peace,0.20574861312248513
Small Gods,love,0.1786023422994106
Small Gods,ability,0.0
Batman: The Killing Joke,joker,0.4180762004930296
Batman: The Killing Joke,commissioner,0.30347420207063136
Batman: The Killing Joke,gordon,0.30347420207063136
Batman: The Killing Joke,barbara,0.15173710103531568
Batman: The Killing Joke,batgirl,0.15173710103531568
Batman: The Killing Joke,breaking,0.15173710103531568
Batman: The Killing Joke,insanity,0.15173710103531568
Batman: The Killing Joke,kidnap,0.15173710103531568
Batman: The Killing Joke,madman,0.15173710103531568
Batman: The Killing Joke,paralyze,0.15173710103531568
Batman: The Killing Joke,permanently,0.15173710103531568
Batman: The Killing Joke,perseverance,0.15173710103531568
Batman: The Killing Joke,point,0.15173710103531568
Batman: The Killing Joke,sanity,0.15173710103531568
Batman: The Killing Joke,beset,0.13935873349767652
The Hitchhiker’s Guide to the Galaxy,hitchhiker,0.25459069575674903
The Hitchhiker’s Guide to the Galaxy,galaxy,0.24445418327871224
The Hitchhiker’s Guide to the Galaxy,towel,0.20011339521958355
The Hitchhiker’s Guide to the Galaxy,pen,0.18750195589981009
The Hitchhiker’s Guide to the Galaxy,zaphod,0.17771976358933989
The Hitchhiker’s Guide to the Galaxy,arthur,0.1629694555191415
The Hitchhiker’s Guide to the Galaxy,guide,0.1629694555191415
The Hitchhiker’s Guide to the Galaxy,actor,0.10894411030744715
The Hitchhiker’s Guide to the Galaxy,aid,0.10894411030744715
The Hitchhiker’s Guide to the Galaxy,ballpoint,0.10894411030744715
The Hitchhiker’s Guide to the Galaxy,buy,0.10894411030744715
The Hitchhiker’s Guide to the Galaxy,chronically,0.10894411030744715
The Hitchhiker’s Guide to the Galaxy,cocktail,0.10894411030744715
The Hitchhiker’s Guide to the Galaxy,digital,0.10894411030744715
The Hitchhiker’s Guide to the Galaxy,dynamic,0.10894411030744715
Harry Potter and the Goblet of Fire,harry,0.4244476483334495
Harry Potter and the Goblet of Fire,hogwarts,0.300353566566219
Harry Potter and the Goblet of Fire,careful,0.21534225534592846
Harry Potter and the Goblet of Fire,castle,0.21534225534592846
Harry Potter and the Goblet of Fire,lurk,0.21534225534592846
Harry Potter and the Goblet of Fire,count,0.19777512400581115
Harry Potter and the Goblet of Fire,danger,0.19777512400581115
Harry Potter and the Goblet of Fire,explore,0.19777512400581115
Harry Potter and the Goblet of Fire,fourth,0.19777512400581115
Harry Potter and the Goblet of Fire,holiday,0.185311045963344
Harry Potter and the Goblet of Fire,quidditch,0.185311045963344
Harry Potter and the Goblet of Fire,spell,0.185311045963344
Harry Potter and the Goblet of Fire,unexpected,0.17564315593964508
Harry Potter and the Goblet of Fire,witchcraft,0.16774391462322674
Harry Potter and the Goblet of Fire,wizardry,0.16774391462322674
The Restaurant at the End of the Universe,arm,0.2711411777018141
The Restaurant at the End of the Universe,curious,0.2711411777018141
The Restaurant at the End of the Universe,arthur,0.22081345454359233
The Restaurant at the End of the Universe,galaxy,0.22081345454359233
The Restaurant at the End of the Universe,contributor,0.14761247911477537
The Restaurant at the End of the Universe,gladly,0.14761247911477537
The Restaurant at the End of the Universe,hiker,0.14761247911477537
The Restaurant at the End of the Universe,improbability,0.14761247911477537
The Restaurant at the End of the Universe,mcmilan,0.14761247911477537
The Restaurant at the End of the Universe,motley,0.14761247911477537
The Restaurant at the End of the Universe,native,0.14761247911477537
The Restaurant at the End of the Universe,refuge,0.14761247911477537
The Restaurant at the End of the Universe,shipmate,0.14761247911477537
The Restaurant at the End of the Universe,suffer,0.14761247911477537
The Restaurant at the End of the Universe,vogons,0.14761247911477537
Daredevil: Born Again,corruption,0.28349059149484035
Daredevil: Born Again,indestructible,0.28349059149484035
Daredevil: Born Again,intensity,0.28349059149484035
Daredevil: Born Again,produce,0.28349059149484035
Daredevil: Born Again,wagnerian,0.28349059149484035
Daredevil: Born Again,immortal,0.2603640739125048
Daredevil: Born Again,medium,0.2603640739125048
Daredevil: Born Again,redemption,0.2603640739125048
Daredevil: Born Again,rival,0.2603640739125048
Daredevil: Born Again,theater,0.2603640739125048
Daredevil: Born Again,large,0.24395554855819995
Daredevil: Born Again,stake,0.2312281075043172
Daredevil: Born Again,soul,0.21203673704954457
Daredevil: Born Again,force,0.2044205056215595
Daredevil: Born Again,good,0.17250169411290414
Snow Crash,pizza,0.32555875440427107
Snow Crash,cosonostra,0.16277937720213553
Snow Crash,crash,0.16277937720213553
Snow Crash,enigma,0.16277937720213553
Snow Crash,enzo,0.16277937720213553
Snow Crash,headlong,0.16277937720213553
Snow Crash,hiro,0.16277937720213553
Snow Crash,infocalypse,0.16277937720213553
Snow Crash,metaverse,0.16277937720213553
Snow Crash,neon,0.16277937720213553
Snow Crash,outrageous,0.16277937720213553
Snow Crash,romp,0.16277937720213553
Snow Crash,shadowy,0.16277937720213553
Snow Crash,snow,0.16277937720213553
Snow Crash,virtual,0.16277937720213553
Wolverine: Old Man Logan,wolverine,0.4721602174185507
Wolverine: Old Man Logan,man,0.25731357468042715
Wolverine: Old Man Logan,old,0.2553503536135227
Wolverine: Old Man Logan,logan,0.23608010870927534
Wolverine: Old Man Logan,call,0.19255791336289457
Wolverine: Old Man Logan,happen,0.1838979606485278
Wolverine: Old Man Logan,family,0.14717280324492155
Wolverine: Old Man Logan,know,0.12218430811612163
Wolverine: Old Man Logan,archer,0.11804005435463767
Wolverine: Old Man Logan,blind,0.11804005435463767
Wolverine: Old Man Logan,concern,0.11804005435463767
Wolverine: Old Man Logan,gang,0.11804005435463767
Wolverine: Old Man Logan,hair,0.11804005435463767
Wolverine: Old Man Logan,hawkeye,0.11804005435463767
Wolverine: Old Man Logan,hear,0.11804005435463767
The Infinity Gauntlet,infinity,0.27913939451484443
The Infinity Gauntlet,gauntlet,0.2563678376842272
The Infinity Gauntlet,universe,0.17401604655066677
The Infinity Gauntlet,hero,0.16985402652538242
The Infinity Gauntlet,god,0.15894992003524033
The Infinity Gauntlet,adam,0.13956969725742221
The Infinity Gauntlet,aspect,0.13956969725742221
The Infinity Gauntlet,astral,0.13956969725742221
The Infinity Gauntlet,awesome,0.13956969725742221
The Infinity Gauntlet,cosmic,0.13956969725742221
The Infinity Gauntlet,fray,0.13956969725742221
The Infinity Gauntlet,gaining,0.13956969725742221
The Infinity Gauntlet,grail,0.13956969725742221
The Infinity Gauntlet,holy,0.13956969725742221
The Infinity Gauntlet,nihilistic,0.13956969725742221
Watchmen,superhero,0.40978281857954824
Watchmen,win,0.3192061586958419
Watchmen,award,0.23509020591986382
Watchmen,history,0.19699186612002878
Watchmen,war,0.17030627572898877
Watchmen,alan,0.13659427285984943
Watchmen,american,0.13659427285984943
Watchmen,chronicle,0.13659427285984943
Watchmen,cold,0.13659427285984943
Watchmen,concept,0.13659427285984943
Watchmen,dave,0.13659427285984943
Watchmen,dissect,0.13659427285984943
Watchmen,effect,0.13659427285984943
Watchmen,erstwhile,0.13659427285984943
Watchmen,failing,0.13659427285984943
The Time of Contempt,witcher,0.4292374115743075
The Time of Contempt,ciri,0.24939946727607346
The Time of Contempt,geralt,0.21461870578715375
The Time of Contempt,blood,0.17392782335206464
The Time of Contempt,series,0.14829559879582982
The Time of Contempt,andrzej,0.12469973363803673
The Time of Contempt,contemptbaptism,0.12469973363803673
The Time of Contempt,coup,0.12469973363803673
The Time of Contempt,defender,0.12469973363803673
The Time of Contempt,elvesthe,0.12469973363803673
The Time of Contempt,firethe,0.12469973363803673
The Time of Contempt,ill,0.12469973363803673
The Time of Contempt,injury,0.12469973363803673
The Time of Contempt,malady,0.12469973363803673
The Time of Contempt,protector,0.12469973363803673
The Throne of Fire,ra,0.3055499324249954
The Throne of Fire,kane,0.27135745558523616
The Throne of Fire,kanes,0.2036999549499969
The Throne of Fire,magician,0.19086248538193737
The Throne of Fire,god,0.1894431757291923
The Throne of Fire,chaos,0.18090497039015743
The Throne of Fire,house,0.14572100051978795
The Throne of Fire,world,0.1392209365429047
The Throne of Fire,accomplish,0.11089667604381702
The Throne of Fire,cast,0.11089667604381702
The Throne of Fire,chant,0.11089667604381702
The Throne of Fire,command,0.11089667604381702
The Throne of Fire,descendant,0.11089667604381702
The Throne of Fire,devious,0.11089667604381702
The Throne of Fire,feat,0.11089667604381702
Ender’s Game,ender,0.6051976755397961
Ender’s Game,valentine,0.22694912832742356
Ender’s Game,peter,0.15346038004523535
Ender’s Game,wiggin,0.15129941888494902
Ender’s Game,war,0.14148053214881495
Ender’s Game,computer,0.13895675646151687
Ender’s Game,military,0.13895675646151687
Ender’s Game,earth,0.1349463864100872
Ender’s Game,drive,0.1234068408083534
Ender’s Game,result,0.1234068408083534
Ender’s Game,seek,0.11785683568332038
Ender’s Game,find,0.11745852869117082
Ender’s Game,old,0.10909957732855598
Ender’s Game,destroy,0.09940560657231041
Ender’s Game,way,0.09940560657231041
"Naruto, Vol. 1: Uzumaki Naruto",naruto,0.4900218506002773
"Naruto, Vol. 1: Uzumaki Naruto",ninja,0.367516387950208
"Naruto, Vol. 1: Uzumaki Naruto",village,0.33753523703119553
"Naruto, Vol. 1: Uzumaki Naruto",hokage,0.24501092530013865
"Naruto, Vol. 1: Uzumaki Naruto",academy,0.12250546265006933
"Naruto, Vol. 1: Uzumaki Naruto",amuse,0.12250546265006933
"Naruto, Vol. 1: Uzumaki Naruto",antic,0.12250546265006933
"Naruto, Vol. 1: Uzumaki Naruto",claim,0.12250546265006933
"Naruto, Vol. 1: Uzumaki Naruto",complicated,0.12250546265006933
"Naruto, Vol. 1: Uzumaki Naruto",fearsome,0.12250546265006933
"Naruto, Vol. 1: Uzumaki Naruto",fox,0.12250546265006933
"Naruto, Vol. 1: Uzumaki Naruto",incorrigible,0.12250546265006933
"Naruto, Vol. 1: Uzumaki Naruto",knack,0.12250546265006933
"Naruto, Vol. 1: Uzumaki Naruto",leaves,0.12250546265006933
"Naruto, Vol. 1: Uzumaki Naruto",mischief,0.12250546265006933
The Fellowship of the Ring,ring,0.640045156833329
The Fellowship of the Ring,baggins,0.1951699403623555
The Fellowship of the Ring,bilbo,0.1951699403623555
The Fellowship of the Ring,frodo,0.1951699403623555
The Fellowship of the Ring,lord,0.1655343156918019
The Fellowship of the Ring,middle,0.1655343156918019
The Fellowship of the Ring,rule,0.14819858657408128
The Fellowship of the Ring,dark,0.13961887712724905
The Fellowship of the Ring,earth,0.12635815083026006
The Fellowship of the Ring,find,0.10998325245669544
The Fellowship of the Ring,care,0.10625283474003809
The Fellowship of the Ring,cousin,0.10625283474003809
The Fellowship of the Ring,elderly,0.10625283474003809
The Fellowship of the Ring,elven,0.10625283474003809
The Fellowship of the Ring,entrust,0.10625283474003809
"X-Men: God Loves, Man Kills",men,0.3652388034892269
"X-Men: God Loves, Man Kills",god,0.22645070899995828
"X-Men: God Loves, Man Kills",bitter,0.19884034475667298
"X-Men: God Loves, Man Kills",chris,0.19884034475667298
"X-Men: God Loves, Man Kills",claremont,0.19884034475667298
"X-Men: God Loves, Man Kills",influential,0.19884034475667298
"X-Men: God Loves, Man Kills",loves,0.19884034475667298
"X-Men: God Loves, Man Kills",magnetism,0.19884034475667298
"X-Men: God Loves, Man Kills",magneto,0.19884034475667298
"X-Men: God Loves, Man Kills",partial,0.19884034475667298
"X-Men: God Loves, Man Kills",uncanny,0.19884034475667298
"X-Men: God Loves, Man Kills",year,0.19559326159922238
"X-Men: God Loves, Man Kills",adversary,0.18261940174461344
"X-Men: God Loves, Man Kills",basis,0.18261940174461344
"X-Men: God Loves, Man Kills",graphic,0.18261940174461344
The Battle of the Labyrinth,kronos,0.2691550600804205
The Battle of the Labyrinth,percy,0.21132260163792985
The Battle of the Labyrinth,bad,0.1874152355570927
The Battle of the Labyrinth,acquaintance,0.14653121308062889
The Battle of the Labyrinth,blockbuster,0.14653121308062889
The Battle of the Labyrinth,border,0.14653121308062889
The Battle of the Labyrinth,cheerleader,0.14653121308062889
The Battle of the Labyrinth,freshman,0.14653121308062889
The Battle of the Labyrinth,haven,0.14653121308062889
The Battle of the Labyrinth,impenetrable,0.14653121308062889
The Battle of the Labyrinth,invade,0.14653121308062889
The Battle of the Labyrinth,invasion,0.14653121308062889
The Battle of the Labyrinth,labyrinth,0.14653121308062889
The Battle of the Labyrinth,minute,0.14653121308062889
The Battle of the Labyrinth,orientation,0.14653121308062889
"Tokyo Ghoul, Tome 1",se,0.31065334182484333
"Tokyo Ghoul, Tome 1",de,0.2853109488592049
"Tokyo Ghoul, Tome 1",il,0.23299000636863249
"Tokyo Ghoul, Tome 1",la,0.23299000636863249
"Tokyo Ghoul, Tome 1",par,0.23299000636863249
"Tokyo Ghoul, Tome 1",pour,0.23299000636863249
"Tokyo Ghoul, Tome 1",ce,0.15532667091242167
"Tokyo Ghoul, Tome 1",des,0.15532667091242167
"Tokyo Ghoul, Tome 1",devenu,0.15532667091242167
"Tokyo Ghoul, Tome 1",est,0.15532667091242167
"Tokyo Ghoul, Tome 1",goule,0.15532667091242167
"Tokyo Ghoul, Tome 1",kaneki,0.15532667091242167
"Tokyo Ghoul, Tome 1",mi,0.15532667091242167
"Tokyo Ghoul, Tome 1",nourrir,0.15532667091242167
"Tokyo Ghoul, Tome 1",peu,0.15532667091242167
Harry Potter and the Order of the Phoenix,harry,0.42853386387973746
Harry Potter and the Order of the Phoenix,summer,0.35274315779847104
Harry Potter and the Order of the Phoenix,holiday,0.28064259111130946
Harry Potter and the Order of the Phoenix,hogwarts,0.22743383356473118
Harry Potter and the Order of the Phoenix,fifth,0.1630615385118191
Harry Potter and the Order of the Phoenix,misery,0.1630615385118191
Harry Potter and the Order of the Phoenix,neglect,0.1630615385118191
Harry Potter and the Order of the Phoenix,schoolboy,0.1630615385118191
Harry Potter and the Order of the Phoenix,situation,0.1630615385118191
Harry Potter and the Order of the Phoenix,unlike,0.1630615385118191
Harry Potter and the Order of the Phoenix,year,0.16039872691803697
Harry Potter and the Order of the Phoenix,fashion,0.1497593491251745
Harry Potter and the Order of the Phoenix,hermione,0.1497593491251745
Harry Potter and the Order of the Phoenix,ron,0.1497593491251745
Harry Potter and the Order of the Phoenix,upside,0.1497593491251745
"Berserk, Vol. 1",berserk,0.24460582510436754
"Berserk, Vol. 1",gut,0.24460582510436754
"Berserk, Vol. 1",anime,0.12230291255218377
"Berserk, Vol. 1",annoyance,0.12230291255218377
"Berserk, Vol. 1",bearer,0.12230291255218377
"Berserk, Vol. 1",bloodstained,0.12230291255218377
"Berserk, Vol. 1",crimson,0.12230291255218377
"Berserk, Vol. 1",cut,0.12230291255218377
"Berserk, Vol. 1",damned,0.12230291255218377
"Berserk, Vol. 1",easily,0.12230291255218377
"Berserk, Vol. 1",extreme,0.12230291255218377
"Berserk, Vol. 1",flesh,0.12230291255218377
"Berserk, Vol. 1",foolish,0.12230291255218377
"Berserk, Vol. 1",gigantic,0.12230291255218377
"Berserk, Vol. 1",guts,0.12230291255218377
"So Long, and Thanks for All the Fish",earth,0.24805323185113123
"So Long, and Thanks for All the Fish",arthur,0.20801437705937326
"So Long, and Thanks for All the Fish",mean,0.19395207518694302
"So Long, and Thanks for All the Fish",space,0.17785482134530733
"So Long, and Thanks for All the Fish",aboard,0.13905637205267288
"So Long, and Thanks for All the Fish",battered,0.13905637205267288
"So Long, and Thanks for All the Fish",booth,0.13905637205267288
"So Long, and Thanks for All the Fish",copy,0.13905637205267288
"So Long, and Thanks for All the Fish",dolphin,0.13905637205267288
"So Long, and Thanks for All the Fish",explanation,0.13905637205267288
"So Long, and Thanks for All the Fish",fortunately,0.13905637205267288
"So Long, and Thanks for All the Fish",otherworldly,0.13905637205267288
"So Long, and Thanks for All the Fish",plastic,0.13905637205267288
"So Long, and Thanks for All the Fish",ratty,0.13905637205267288
"So Long, and Thanks for All the Fish",shopping,0.13905637205267288
The Jungle Book,kipling,0.2705796855634828
The Jungle Book,mowgli,0.2705796855634828
The Jungle Book,story,0.2247655473296844
The Jungle Book,bagheera,0.1473067961224499
The Jungle Book,baloo,0.1473067961224499
The Jungle Book,central,0.1473067961224499
The Jungle Book,cub,0.1473067961224499
The Jungle Book,elephant,0.1473067961224499
The Jungle Book,expertly,0.1473067961224499
The Jungle Book,foreboding,0.1473067961224499
The Jungle Book,handler,0.1473067961224499
The Jungle Book,interweave,0.1473067961224499
The Jungle Book,kahn,0.1473067961224499
The Jungle Book,memorable,0.1473067961224499
The Jungle Book,mongoose,0.1473067961224499
Batman: Hush,batman,0.5345044362359589
Batman: Hush,page,0.21380177449438356
Batman: Hush,volume,0.18582824169041778
Batman: Hush,acclaimed,0.12422507270745574
Batman: Hush,al,0.12422507270745574
Batman: Hush,available,0.12422507270745574
Batman: Hush,comic_strip,0.12422507270745574
Batman: Hush,critically,0.12422507270745574
Batman: Hush,deception,0.12422507270745574
Batman: Hush,ghul,0.12422507270745574
Batman: Hush,havoc,0.12422507270745574
Batman: Hush,hush,0.12422507270745574
Batman: Hush,intrigue,0.12422507270745574
Batman: Hush,jim,0.12422507270745574
Batman: Hush,knight,0.12422507270745574
Hogfather,ho,0.46211277653682964
Hogfather,jolly,0.3080751843578864
Hogfather,morning,0.28294311161372415
Hogfather,night,0.23997954948251277
Hogfather,get,0.19701598735130132
Hogfather,death,0.18746121673970229
Hogfather,chimney,0.1540375921789432
Hogfather,darker,0.1540375921789432
Hogfather,darkest,0.1540375921789432
Hogfather,fat,0.1540375921789432
Hogfather,feast,0.1540375921789432
Hogfather,festive,0.1540375921789432
Hogfather,gothic,0.1540375921789432
Hogfather,governess,0.1540375921789432
Hogfather,hogswatch,0.1540375921789432
God Emperor of Dune,leto,0.3310654961623806
God Emperor of Dune,siona,0.2403146535548158
God Emperor of Dune,herbert,0.20680084240328617
God Emperor of Dune,atreides,0.19601180502685936
God Emperor of Dune,dune,0.19601180502685936
God Emperor of Dune,emperor,0.19601180502685936
God Emperor of Dune,humanity,0.18719651962339082
God Emperor of Dune,rule,0.16759219684349547
God Emperor of Dune,conceive,0.1201573267774079
God Emperor of Dune,despot,0.1201573267774079
God Emperor of Dune,immortality,0.1201573267774079
God Emperor of Dune,inhuman,0.1201573267774079
God Emperor of Dune,merge,0.1201573267774079
God Emperor of Dune,morality,0.1201573267774079
God Emperor of Dune,preserve,0.1201573267774079
Going Postal,maybe,0.26715982147518
Going Postal,mail,0.2453655309625377
Going Postal,man,0.1747131913415519
Going Postal,get,0.17085035952582592
Going Postal,adora,0.13357991073759
Going Postal,ail,0.13357991073759
Going Postal,bell,0.13357991073759
Going Postal,date,0.13357991073759
Going Postal,dearheart,0.13357991073759
Going Postal,envelope,0.13357991073759
Going Postal,grand,0.13357991073759
Going Postal,hail,0.13357991073759
Going Postal,honest,0.13357991073759
Going Postal,midnight,0.13357991073759
Going Postal,office,0.13357991073759
A Brief History of Time,hawking,0.2757966864718971
A Brief History of Time,profound,0.2757966864718971
A Brief History of Time,stephen,0.25329782015957963
A Brief History of Time,time,0.25105920503019286
A Brief History of Time,big,0.2148357541560663
A Brief History of Time,universe,0.1719321957942452
A Brief History of Time,antimatter,0.13789834323594855
A Brief History of Time,arrow,0.13789834323594855
A Brief History of Time,bang,0.13789834323594855
A Brief History of Time,brief,0.13789834323594855
A Brief History of Time,dimension,0.13789834323594855
A Brief History of Time,exciting,0.13789834323594855
A Brief History of Time,exotic,0.13789834323594855
A Brief History of Time,flow,0.13789834323594855
A Brief History of Time,image,0.13789834323594855
"The Superior Spider-Man, Vol. 2: A Troubled Mind",spider,0.2713346615571233
"The Superior Spider-Man, Vol. 2: A Troubled Mind",spidey,0.2597835653230034
"The Superior Spider-Man, Vol. 2: A Troubled Mind",superior,0.2597835653230034
"The Superior Spider-Man, Vol. 2: A Troubled Mind",villain,0.2597835653230034
"The Superior Spider-Man, Vol. 2: A Troubled Mind",like,0.197261715224003
"The Superior Spider-Man, Vol. 2: A Troubled Mind",time,0.19311572247881748
"The Superior Spider-Man, Vol. 2: A Troubled Mind",man,0.18497959178544193
"The Superior Spider-Man, Vol. 2: A Troubled Mind",hero,0.17211708377234794
"The Superior Spider-Man, Vol. 2: A Troubled Mind",acting,0.141429259973105
"The Superior Spider-Man, Vol. 2: A Troubled Mind",cardiac,0.141429259973105
"The Superior Spider-Man, Vol. 2: A Troubled Mind",development,0.141429259973105
"The Superior Spider-Man, Vol. 2: A Troubled Mind",emerge,0.141429259973105
"The Superior Spider-Man, Vol. 2: A Troubled Mind",ghostly,0.141429259973105
"The Superior Spider-Man, Vol. 2: A Troubled Mind",jester,0.141429259973105
"The Superior Spider-Man, Vol. 2: A Troubled Mind",octavius,0.141429259973105
Reaper Man,far,0.3706964420702998
Reaper Man,farm,0.22724087214522576
Reaper Man,gather,0.22724087214522576
Reaper Man,harvest,0.22724087214522576
Reaper Man,presume,0.22724087214522576
Reaper Man,public,0.22724087214522576
Reaper Man,tall,0.22724087214522576
Reaper Man,withdraw,0.22724087214522576
Reaper Man,er,0.20870307871306712
Reaper Man,kind,0.20870307871306712
Reaper Man,service,0.20870307871306712
Reaper Man,miss,0.19555030495620981
Reaper Man,scythe,0.19555030495620981
Reaper Man,stranger,0.19555030495620981
Reaper Man,chaos,0.1853482210351499
The Last Wish,elixir,0.18252009246417064
The Last Wish,fair,0.18252009246417064
The Last Wish,fiend,0.18252009246417064
The Last Wish,fighter,0.18252009246417064
The Last Wish,grain,0.18252009246417064
The Last Wish,hate,0.18252009246417064
The Last Wish,librarian,0.18252009246417064
The Last Wish,merciless,0.18252009246417064
The Last Wish,multifarious,0.18252009246417064
The Last Wish,revere,0.18252009246417064
The Last Wish,target,0.18252009246417064
The Last Wish,vile,0.18252009246417064
The Last Wish,asin,0.167630518509548
The Last Wish,enhance,0.167630518509548
The Last Wish,monstrous,0.167630518509548
The Sea of Monsters,riordan,0.2929192524490971
The Sea of Monsters,sea,0.26902356615401274
The Sea of Monsters,installment,0.2389185617703887
The Sea of Monsters,percy,0.21121936137701938
The Sea of Monsters,set,0.2042779343228896
The Sea of Monsters,series,0.17417292993926556
The Sea of Monsters,cliffhanger,0.14645962622454856
The Sea of Monsters,combine,0.14645962622454856
The Sea of Monsters,comeback,0.14645962622454856
The Sea of Monsters,drama,0.14645962622454856
The Sea of Monsters,episode,0.14645962622454856
The Sea of Monsters,fleece,0.14645962622454856
The Sea of Monsters,lesson,0.14645962622454856
The Sea of Monsters,monsters,0.14645962622454856
The Sea of Monsters,mythology,0.14645962622454856
The Staff of Serapis,annabeth,0.2837494075733908
The Staff of Serapis,olympus,0.26586710423379256
The Staff of Serapis,encounter,0.2519965121636359
The Staff of Serapis,sadie,0.2519965121636359
The Staff of Serapis,include,0.1975774189185344
The Staff of Serapis,young,0.1759266920969632
The Staff of Serapis,blond,0.15447654928061041
The Staff of Serapis,bonus,0.15447654928061041
The Staff of Serapis,chase,0.15447654928061041
The Staff of Serapis,familiar,0.15447654928061041
The Staff of Serapis,hungry,0.15447654928061041
The Staff of Serapis,oddity,0.15447654928061041
The Staff of Serapis,remind,0.15447654928061041
The Staff of Serapis,subway,0.15447654928061041
The Staff of Serapis,athena,0.1418747037866954
Catching Fire,katniss,0.5383734869365062
Catching Fire,peeta,0.3283340877319792
Catching Fire,capitol,0.21869396743538877
Catching Fire,gale,0.1641670438659896
Catching Fire,games,0.1641670438659896
Catching Fire,hunger,0.1641670438659896
Catching Fire,district,0.1538209962675732
Catching Fire,everdeen,0.1538209962675732
Catching Fire,rebellion,0.13923906117432108
Catching Fire,turn,0.1087672840528193
Catching Fire,afraid,0.08937448947962087
Catching Fire,catching,0.08937448947962087
Catching Fire,consequence,0.08937448947962087
Catching Fire,convinced,0.08937448947962087
Catching Fire,distance,0.08937448947962087
Pyramids,assign,0.24576945265832367
Pyramids,djelibeybi,0.24576945265832367
Pyramids,fit,0.24576945265832367
Pyramids,inherit,0.24576945265832367
Pyramids,kingdom,0.24576945265832367
Pyramids,teppic,0.24576945265832367
Pyramids,train,0.24576945265832367
Pyramids,expect,0.22572013977589897
Pyramids,happy,0.22572013977589897
Pyramids,problem,0.22572013977589897
Pyramids,early,0.21149492590198055
Pyramids,guild,0.21149492590198055
Pyramids,throne,0.21149492590198055
Pyramids,assassin,0.20046099280014504
Pyramids,fate,0.20046099280014504
Making Money,cellar,0.285146194419382
Making Money,mint,0.285146194419382
Making Money,nameless,0.285146194419382
Making Money,royal,0.2618846165165544
Making Money,make,0.18734460863725325
Making Money,assassins,0.142573097209691
Making Money,bank,0.142573097209691
Making Money,cashier,0.142573097209691
Making Money,charge,0.142573097209691
Making Money,chief,0.142573097209691
Making Money,deadoh,0.142573097209691
Making Money,loss,0.142573097209691
Making Money,necessarily,0.142573097209691
Making Money,pretty,0.142573097209691
Making Money,walkie,0.142573097209691
"The Amazing Spider-Man, Vol. 1: The Parker Luck",spider,0.3667652129206354
"The Amazing Spider-Man, Vol. 1: The Parker Luck",parker,0.29997025220177614
"The Amazing Spider-Man, Vol. 1: The Parker Luck",peter,0.29085223013446765
"The Amazing Spider-Man, Vol. 1: The Parker Luck",super,0.22337311744556396
"The Amazing Spider-Man, Vol. 1: The Parker Luck",man,0.18752878542448073
"The Amazing Spider-Man, Vol. 1: The Parker Luck",amazing,0.1833826064603177
"The Amazing Spider-Man, Vol. 1: The Parker Luck",hero,0.17448901989182694
"The Amazing Spider-Man, Vol. 1: The Parker Luck",core,0.14337828887092838
"The Amazing Spider-Man, Vol. 1: The Parker Luck",deal,0.14337828887092838
"The Amazing Spider-Man, Vol. 1: The Parker Luck",demand,0.14337828887092838
"The Amazing Spider-Man, Vol. 1: The Parker Luck",electro,0.14337828887092838
"The Amazing Spider-Man, Vol. 1: The Parker Luck",energized,0.14337828887092838
"The Amazing Spider-Man, Vol. 1: The Parker Luck",madder,0.14337828887092838
"The Amazing Spider-Man, Vol. 1: The Parker Luck",neighborhood,0.14337828887092838
"The Amazing Spider-Man, Vol. 1: The Parker Luck",put,0.14337828887092838
"Ultimate Spider-Man, Volume 1: Power and Responsibility",spider,0.34343435408383616
"Ultimate Spider-Man, Volume 1: Power and Responsibility",develop,0.26851526967847006
"Ultimate Spider-Man, Volume 1: Power and Responsibility",experimental,0.26851526967847006
"Ultimate Spider-Man, Volume 1: Power and Responsibility",industries,0.26851526967847006
"Ultimate Spider-Man, Volume 1: Power and Responsibility",laboratory,0.26851526967847006
"Ultimate Spider-Man, Volume 1: Power and Responsibility",osborn,0.26851526967847006
"Ultimate Spider-Man, Volume 1: Power and Responsibility",retelling,0.26851526967847006
"Ultimate Spider-Man, Volume 1: Power and Responsibility",bite,0.2466104047847167
"Ultimate Spider-Man, Volume 1: Power and Responsibility",teenager,0.2466104047847167
"Ultimate Spider-Man, Volume 1: Power and Responsibility",update,0.23106865580707073
"Ultimate Spider-Man, Volume 1: Power and Responsibility",result,0.2190135387434684
"Ultimate Spider-Man, Volume 1: Power and Responsibility",saga,0.2091637909133174
"Ultimate Spider-Man, Volume 1: Power and Responsibility",super,0.2091637909133174
"Ultimate Spider-Man, Volume 1: Power and Responsibility",century,0.2008359477836059
"Ultimate Spider-Man, Volume 1: Power and Responsibility",parker,0.18725892601956412
Harry Potter and the Chamber of Secrets,harry,0.4730260278360285
Harry Potter and the Chamber of Secrets,hogwarts,0.4184115965097403
Harry Potter and the Chamber of Secrets,strike,0.22041064824030074
Harry Potter and the Chamber of Secrets,potter,0.1576753426120095
Harry Potter and the Chamber of Secrets,arise,0.11999417604442976
Harry Potter and the Chamber of Secrets,bathroom,0.11999417604442976
Harry Potter and the Chamber of Secrets,disaster,0.11999417604442976
Harry Potter and the Chamber of Secrets,draco,0.11999417604442976
Harry Potter and the Chamber of Secrets,fresh,0.11999417604442976
Harry Potter and the Chamber of Secrets,hagrid,0.11999417604442976
Harry Potter and the Chamber of Secrets,hideous,0.11999417604442976
Harry Potter and the Chamber of Secrets,impish,0.11999417604442976
Harry Potter and the Chamber of Secrets,malfoy,0.11999417604442976
Harry Potter and the Chamber of Secrets,outrageously,0.11999417604442976
Harry Potter and the Chamber of Secrets,poisonous,0.11999417604442976
Deadpool Kills the Marvel Universe,deadpool,0.4133032124650068
Deadpool Kills the Marvel Universe,actually,0.37958687655591294
Deadpool Kills the Marvel Universe,marvel,0.29802629858581825
Deadpool Kills the Marvel Universe,universe,0.25765403405296133
Deadpool Kills the Marvel Universe,merc,0.2066516062325034
Deadpool Kills the Marvel Universe,mouth,0.2066516062325034
Deadpool Kills the Marvel Universe,twisted,0.2066516062325034
Deadpool Kills the Marvel Universe,comic,0.18979343827795647
Deadpool Kills the Marvel Universe,disturbing,0.18979343827795647
Deadpool Kills the Marvel Universe,funny,0.18979343827795647
Deadpool Kills the Marvel Universe,kills,0.18979343827795647
Deadpool Kills the Marvel Universe,fun,0.16855465844530082
Deadpool Kills the Marvel Universe,horror,0.16855465844530082
Deadpool Kills the Marvel Universe,pull,0.16855465844530082
Deadpool Kills the Marvel Universe,decide,0.16097420980815938
The Amazing Spider-Man: The Death of Gwen Stacy,spider,0.452666098950318
The Amazing Spider-Man: The Death of Gwen Stacy,man,0.30860041882747075
The Amazing Spider-Man: The Death of Gwen Stacy,atop,0.2359456437377345
The Amazing Spider-Man: The Death of Gwen Stacy,bridge,0.2359456437377345
The Amazing Spider-Man: The Death of Gwen Stacy,move,0.2359456437377345
The Amazing Spider-Man: The Death of Gwen Stacy,shocking,0.2359456437377345
The Amazing Spider-Man: The Death of Gwen Stacy,webspinner,0.2359456437377345
The Amazing Spider-Man: The Death of Gwen Stacy,balance,0.216697734840287
The Amazing Spider-Man: The Death of Gwen Stacy,george,0.216697734840287
The Amazing Spider-Man: The Death of Gwen Stacy,gwen,0.216697734840287
The Amazing Spider-Man: The Death of Gwen Stacy,washington,0.216697734840287
The Amazing Spider-Man: The Death of Gwen Stacy,goblin,0.20304112614264397
The Amazing Spider-Man: The Death of Gwen Stacy,green,0.19244823748006873
The Amazing Spider-Man: The Death of Gwen Stacy,hang,0.19244823748006873
The Amazing Spider-Man: The Death of Gwen Stacy,tale,0.17013660854755341
Mostly Harmless,arthur,0.24702046411057962
Mostly Harmless,guide,0.24702046411057962
Mostly Harmless,save,0.24702046411057962
Mostly Harmless,dishearten,0.2201756118820594
Mostly Harmless,hell,0.20221418631042942
Mostly Harmless,hitchhiker,0.17150892648695937
Mostly Harmless,daughter,0.16468030940705308
Mostly Harmless,dent,0.16468030940705308
Mostly Harmless,galaxy,0.16468030940705308
Mostly Harmless,book,0.133975049583583
Mostly Harmless,blow,0.1100878059410297
Mostly Harmless,harmless,0.1100878059410297
Mostly Harmless,manifestation,0.1100878059410297
Mostly Harmless,misunderstanding,0.1100878059410297
Mostly Harmless,multidimensional,0.1100878059410297
"The Superior Spider-Man, Vol. 1: My Own Worst Enemy",spider,0.4736398317566927
"The Superior Spider-Man, Vol. 1: My Own Worst Enemy",superior,0.34010724099887174
"The Superior Spider-Man, Vol. 1: My Own Worst Enemy",man,0.32289904367132743
"The Superior Spider-Man, Vol. 1: My Own Worst Enemy",new,0.2214768893944892
"The Superior Spider-Man, Vol. 1: My Own Worst Enemy",amazing,0.15787994391889754
"The Superior Spider-Man, Vol. 1: My Own Worst Enemy",cahoot,0.12343894899884088
"The Superior Spider-Man, Vol. 1: My Own Worst Enemy",carlie,0.12343894899884088
"The Superior Spider-Man, Vol. 1: My Own Worst Enemy",cooper,0.12343894899884088
"The Superior Spider-Man, Vol. 1: My Own Worst Enemy",dramatically,0.12343894899884088
"The Superior Spider-Man, Vol. 1: My Own Worst Enemy",excitement,0.12343894899884088
"The Superior Spider-Man, Vol. 1: My Own Worst Enemy",foist,0.12343894899884088
"The Superior Spider-Man, Vol. 1: My Own Worst Enemy",historic,0.12343894899884088
"The Superior Spider-Man, Vol. 1: My Own Worst Enemy",identify,0.12343894899884088
"The Superior Spider-Man, Vol. 1: My Own Worst Enemy",jameson,0.12343894899884088
"The Superior Spider-Man, Vol. 1: My Own Worst Enemy",jonah,0.12343894899884088
Brave New World,huxley,0.29386451267287
Brave New World,brave,0.26989171419896624
Brave New World,aldous,0.19590967511524665
Brave New World,literature,0.19590967511524665
Brave New World,new,0.17575273363360067
Brave New World,world,0.16396480892769144
Brave New World,century,0.14653060635569384
Brave New World,human,0.11648999453937162
Brave New World,anesthetized,0.09795483755762333
Brave New World,authoritarian,0.09795483755762333
Brave New World,breed,0.09795483755762333
Brave New World,decry,0.09795483755762333
Brave New World,dominate,0.09795483755762333
Brave New World,english,0.09795483755762333
Brave New World,entertainment,0.09795483755762333
"Life, the Universe and Everything",krikkit,0.19411806124499761
"Life, the Universe and Everything",beeblebrox,0.1818844566550747
"Life, the Universe and Everything",president,0.17239533572965865
"Life, the Universe and Everything",know,0.16408573751168795
"Life, the Universe and Everything",arthur,0.15808694222001146
"Life, the Universe and Everything",dent,0.15808694222001146
"Life, the Universe and Everything",galaxy,0.15808694222001146
"Life, the Universe and Everything",head,0.15240855481203708
"Life, the Universe and Everything",try,0.14739986214884546
"Life, the Universe and Everything",end,0.1429194338866211
"Life, the Universe and Everything",space,0.13516625755892248
"Life, the Universe and Everything",arizona,0.10568017924905614
"Life, the Universe and Everything",behavior,0.10568017924905614
"Life, the Universe and Everything",cadet,0.10568017924905614
"Life, the Universe and Everything",campaign,0.10568017924905614
The Last Olympian,percy,0.28069915992972366
The Last Olympian,kronos,0.23834522406286
The Last Olympian,army,0.22332435888225458
The Last Olympian,half,0.18713277328648245
The Last Olympian,york,0.18713277328648245
The Last Olympian,battle,0.18098291805192132
The Last Olympian,blood,0.18098291805192132
The Last Olympian,birthday,0.12975797223901334
The Last Olympian,manhattan,0.12975797223901334
The Last Olympian,momentous,0.12975797223901334
The Last Olympian,rampaging,0.12975797223901334
The Last Olympian,sixteenth,0.12975797223901334
The Last Olympian,typhon,0.12975797223901334
The Last Olympian,unguarded,0.12975797223901334
The Last Olympian,virtually,0.12975797223901334
The Tales of Beedle the Bard,magical,0.3179266217129794
The Tales of Beedle the Bard,professor,0.2593157348760591
The Tales of Beedle the Bard,tale,0.22925177311326886
The Tales of Beedle the Bard,additional,0.1589633108564897
The Tales of Beedle the Bard,bard,0.1589633108564897
The Tales of Beedle the Bard,beedle,0.1589633108564897
The Tales of Beedle the Bard,delight,0.1589633108564897
The Tales of Beedle the Bard,diverse,0.1589633108564897
The Tales of Beedle the Bard,laughter,0.1589633108564897
The Tales of Beedle the Bard,muse,0.1589633108564897
The Tales of Beedle the Bard,richly,0.1589633108564897
The Tales of Beedle the Bard,snippet,0.1589633108564897
The Tales of Beedle the Bard,tales,0.1589633108564897
The Tales of Beedle the Bard,uniquely,0.1589633108564897
The Tales of Beedle the Bard,variously,0.1589633108564897
Blood of Elves,witcher,0.42514678995870114
Blood of Elves,elf,0.31886009246902586
Blood of Elves,child,0.27714087251562847
Blood of Elves,geralt,0.21257339497935057
Blood of Elves,peace,0.19242184529916825
Blood of Elves,war,0.1539944340783854
Blood of Elves,good,0.15031127996058422
Blood of Elves,change,0.1378209939024845
Blood of Elves,birth,0.12351134834792601
Blood of Elves,cunning,0.12351134834792601
Blood of Elves,embroil,0.12351134834792601
Blood of Elves,gnome,0.12351134834792601
Blood of Elves,prophesy,0.12351134834792601
Blood of Elves,relative,0.12351134834792601
Blood of Elves,rivia,0.12351134834792601
Harry Potter and the Half-Blood Prince,harry,0.3634134693276981
Harry Potter and the Half-Blood Prince,professor,0.3383690545988811
Harry Potter and the Half-Blood Prince,dumbledore,0.2540035652590162
Harry Potter and the Half-Blood Prince,visit,0.23799588847778333
Harry Potter and the Half-Blood Prince,dursleys,0.2255793697325874
Harry Potter and the Half-Blood Prince,wait,0.2154343352278808
Harry Potter and the Half-Blood Prince,hogwarts,0.19287278197797827
Harry Potter and the Half-Blood Prince,start,0.17686510519674534
Harry Potter and the Half-Blood Prince,bedroom,0.1382825592544594
Harry Potter and the Half-Blood Prince,headmaster,0.1382825592544594
Harry Potter and the Half-Blood Prince,intertwine,0.1382825592544594
Harry Potter and the Half-Blood Prince,mist,0.1382825592544594
Harry Potter and the Half-Blood Prince,nervously,0.1382825592544594
Harry Potter and the Half-Blood Prince,press,0.1382825592544594
Harry Potter and the Half-Blood Prince,privet,0.1382825592544594
"The Hobbit, or There and Back Again",hobbit,0.41187754596283266
"The Hobbit, or There and Back Again",hole,0.41187754596283266
"The Hobbit, or There and Back Again",text,0.2242310303680472
"The Hobbit, or There and Back Again",publish,0.18289325413711408
"The Hobbit, or There and Back Again",acclaim,0.1121155151840236
"The Hobbit, or There and Back Again",anderson,0.1121155151840236
"The Hobbit, or There and Back Again",bare,0.1121155151840236
"The Hobbit, or There and Back Again",britain,0.1121155151840236
"The Hobbit, or There and Back Again",classics,0.1121155151840236
"The Hobbit, or There and Back Again",comfort,0.1121155151840236
"The Hobbit, or There and Back Again",dirty,0.1121155151840236
"The Hobbit, or There and Back Again",dry,0.1121155151840236
"The Hobbit, or There and Back Again",gollum,0.1121155151840236
"The Hobbit, or There and Back Again",instant,0.1121155151840236
"The Hobbit, or There and Back Again",oozy,0.1121155151840236
Men at Arms,constable,0.4288021392092478
Men at Arms,lance,0.4288021392092478
Men at Arms,corporal,0.2858680928061652
Men at Arms,dwarf,0.2460014881907773
Men at Arms,city,0.21381498872881946
Men at Arms,watch,0.21381498872881946
Men at Arms,need,0.19330070350192982
Men at Arms,get,0.1828144148443105
Men at Arms,angua,0.1429340464030826
Men at Arms,carrot,0.1429340464030826
Men at Arms,clean,0.1429340464030826
Men at Arms,cuddy,0.1429340464030826
Men at Arms,detritus,0.1429340464030826
Men at Arms,disqualify,0.1429340464030826
Men at Arms,hour,0.1429340464030826
The Amazing Spider-Man: Kraven's Last Hunt,spider,0.38946288031557175
The Amazing Spider-Man: Kraven's Last Hunt,man,0.3318903499230505
The Amazing Spider-Man: Kraven's Last Hunt,web,0.2483666605068728
The Amazing Spider-Man: Kraven's Last Hunt,know,0.15759678760100038
The Amazing Spider-Man: Kraven's Last Hunt,animal,0.1522514115057941
The Amazing Spider-Man: Kraven's Last Hunt,beast,0.1522514115057941
The Amazing Spider-Man: Kraven's Last Hunt,bury,0.1522514115057941
The Amazing Spider-Man: Kraven's Last Hunt,crawl,0.1522514115057941
The Amazing Spider-Man: Kraven's Last Hunt,dematteis,0.1522514115057941
The Amazing Spider-Man: Kraven's Last Hunt,elude,0.1522514115057941
The Amazing Spider-Man: Kraven's Last Hunt,groundbreaking,0.1522514115057941
The Amazing Spider-Man: Kraven's Last Hunt,kraven,0.1522514115057941
The Amazing Spider-Man: Kraven's Last Hunt,mike,0.1522514115057941
The Amazing Spider-Man: Kraven's Last Hunt,mock,0.1522514115057941
The Amazing Spider-Man: Kraven's Last Hunt,quarry,0.1522514115057941
"Attack on Titan, Vol. 1",giant,0.3553525416598273
"Attack on Titan, Vol. 1",know,0.2254828362113833
"Attack on Titan, Vol. 1",bent,0.21783489756421262
"Attack on Titan, Vol. 1",humanoid,0.21783489756421262
"Attack on Titan, Vol. 1",mankind,0.21783489756421262
"Attack on Titan, Vol. 1",sudden,0.21783489756421262
"Attack on Titan, Vol. 1",trap,0.21783489756421262
"Attack on Titan, Vol. 1",walled,0.21783489756421262
"Attack on Titan, Vol. 1",appearance,0.20006442214207956
"Attack on Titan, Vol. 1",consume,0.20006442214207956
"Attack on Titan, Vol. 1",enormous,0.20006442214207956
"Attack on Titan, Vol. 1",humankind,0.20006442214207956
"Attack on Titan, Vol. 1",titans,0.20006442214207956
"Attack on Titan, Vol. 1",bizarre,0.17767627082991366
"Attack on Titan, Vol. 1",desperate,0.17767627082991366
Quidditch Through the Ages,quidditch,0.36360372721495693
Quidditch Through the Ages,snitch,0.28168584073915304
Quidditch Through the Ages,fan,0.21942319468891788
Quidditch Through the Ages,golden,0.21942319468891788
Quidditch Through the Ages,volume,0.21068687404560565
Quidditch Through the Ages,book,0.17140351811642393
Quidditch Through the Ages,come,0.1457877571515588
Quidditch Through the Ages,ages,0.14084292036957652
Quidditch Through the Ages,bludgers,0.14084292036957652
Quidditch Through the Ages,cleaver,0.14084292036957652
Quidditch Through the Ages,consult,0.14084292036957652
Quidditch Through the Ages,improve,0.14084292036957652
Quidditch Through the Ages,invaluable,0.14084292036957652
Quidditch Through the Ages,meat,0.14084292036957652
Quidditch Through the Ages,player,0.14084292036957652
The Little Prince,pilot,0.26182162380460516
The Little Prince,little,0.2325225506971854
The Little Prince,reader,0.20556487658424433
The Little Prince,adult,0.14253880322876267
The Little Prince,artwork,0.14253880322876267
The Little Prince,awake,0.14253880322876267
The Little Prince,cherish,0.14253880322876267
The Little Prince,definitive,0.14253880322876267
The Little Prince,enchanting,0.14253880322876267
The Little Prince,paper,0.14253880322876267
The Little Prince,pencil,0.14253880322876267
The Little Prince,realize,0.14253880322876267
The Little Prince,sheep,0.14253880322876267
The Little Prince,strand,0.14253880322876267
The Little Prince,succumb,0.14253880322876267
The Ultimate Hitchhiker’s Guide to the Galaxy,arthur,0.3486903122073557
The Ultimate Hitchhiker’s Guide to the Galaxy,dent,0.3486903122073557
The Ultimate Hitchhiker’s Guide to the Galaxy,save,0.27895224976588456
The Ultimate Hitchhiker’s Guide to the Galaxy,guide,0.2092141873244134
The Ultimate Hitchhiker’s Guide to the Galaxy,earth,0.1663226553490132
The Ultimate Hitchhiker’s Guide to the Galaxy,hitchhiker,0.14525962779257434
The Ultimate Hitchhiker’s Guide to the Galaxy,universe,0.11625069981828658
The Ultimate Hitchhiker’s Guide to the Galaxy,crave,0.09323895871222203
The Ultimate Hitchhiker’s Guide to the Galaxy,restaurant,0.09323895871222203
The Ultimate Hitchhiker’s Guide to the Galaxy,revised,0.09323895871222203
The Ultimate Hitchhiker’s Guide to the Galaxy,tea,0.09323895871222203
The Ultimate Hitchhiker’s Guide to the Galaxy,thrust,0.09323895871222203
The Ultimate Hitchhiker’s Guide to the Galaxy,warmonger,0.09323895871222203
The Ultimate Hitchhiker’s Guide to the Galaxy,adams,0.0856327365563234
The Ultimate Hitchhiker’s Guide to the Galaxy,avert,0.0856327365563234
"Essential Amazing Spider-Man, Vol. 1",amazing,0.36237444651228995
"Essential Amazing Spider-Man, Vol. 1",spider,0.36237444651228995
"Essential Amazing Spider-Man, Vol. 1",great,0.25270091616779805
"Essential Amazing Spider-Man, Vol. 1",peter,0.1915801757252078
"Essential Amazing Spider-Man, Vol. 1",man,0.1852837658243863
"Essential Amazing Spider-Man, Vol. 1",arachnid,0.14166182135361027
"Essential Amazing Spider-Man, Vol. 1",attend,0.14166182135361027
"Essential Amazing Spider-Man, Vol. 1",ben,0.14166182135361027
"Essential Amazing Spider-Man, Vol. 1",colorful,0.14166182135361027
"Essential Amazing Spider-Man, Vol. 1",demonstration,0.14166182135361027
"Essential Amazing Spider-Man, Vol. 1",fame,0.14166182135361027
"Essential Amazing Spider-Man, Vol. 1",fortune,0.14166182135361027
"Essential Amazing Spider-Man, Vol. 1",gain,0.14166182135361027
"Essential Amazing Spider-Man, Vol. 1",radiation,0.14166182135361027
"Essential Amazing Spider-Man, Vol. 1",ray,0.14166182135361027
"Bakuman, Band 1: Traum und Realität",und,0.42972754654097306
"Bakuman, Band 1: Traum und Realität",es,0.21486377327048653
"Bakuman, Band 1: Traum und Realität",ist,0.21486377327048653
"Bakuman, Band 1: Traum und Realität",schaffen,0.21486377327048653
"Bakuman, Band 1: Traum und Realität",er,0.197335675409654
"Bakuman, Band 1: Traum und Realität",manga,0.18489929206148012
"Bakuman, Band 1: Traum und Realität",als,0.10743188663524326
"Bakuman, Band 1: Traum und Realität",auch,0.10743188663524326
"Bakuman, Band 1: Traum und Realität",auf,0.10743188663524326
"Bakuman, Band 1: Traum und Realität",autoren,0.10743188663524326
"Bakuman, Band 1: Traum und Realität",blieb,0.10743188663524326
"Bakuman, Band 1: Traum und Realität",damit,0.10743188663524326
"Bakuman, Band 1: Traum und Realität",das,0.10743188663524326
"Bakuman, Band 1: Traum und Realität",dem,0.10743188663524326
"Bakuman, Band 1: Traum und Realität",den,0.10743188663524326
Wyrd Sisters,leader,0.41470851049134533
Wyrd Sisters,certain,0.2409577515903235
Wyrd Sisters,granny,0.2409577515903235
Wyrd Sisters,gregarious,0.2409577515903235
Wyrd Sisters,highly,0.2409577515903235
Wyrd Sisters,meddle,0.2409577515903235
Wyrd Sisters,politic,0.2409577515903235
Wyrd Sisters,weatherwax,0.2409577515903235
Wyrd Sisters,witch,0.2409577515903235
Wyrd Sisters,certainly,0.22130096633558227
Wyrd Sisters,playwright,0.22130096633558227
Wyrd Sisters,regard,0.22130096633558227
Wyrd Sisters,royal,0.22130096633558227
Wyrd Sisters,difficult,0.20735425524567266
Wyrd Sisters,lot,0.1965363456858847
"Fullmetal Alchemist, Vol. 1",edward,0.3834109914250212
"Fullmetal Alchemist, Vol. 1",alchemical,0.2875582435687659
"Fullmetal Alchemist, Vol. 1",brother,0.2345458736639639
"Fullmetal Alchemist, Vol. 1",alphonse,0.1917054957125106
"Fullmetal Alchemist, Vol. 1",elric,0.1917054957125106
"Fullmetal Alchemist, Vol. 1",leg,0.1917054957125106
"Fullmetal Alchemist, Vol. 1",philosopher,0.1917054957125106
"Fullmetal Alchemist, Vol. 1",unique,0.1917054957125106
"Fullmetal Alchemist, Vol. 1",power,0.1855494184623035
"Fullmetal Alchemist, Vol. 1",arm,0.17606659745543593
"Fullmetal Alchemist, Vol. 1",body,0.17606659745543593
"Fullmetal Alchemist, Vol. 1",stone,0.16497062255774494
"Fullmetal Alchemist, Vol. 1",soul,0.1433860911256592
"Fullmetal Alchemist, Vol. 1",lose,0.13823574940297928
"Fullmetal Alchemist, Vol. 1",abuse,0.0958527478562553
The Time Machine,wells,0.3600979506143243
The Time Machine,time,0.21853273238037016
The Time Machine,machine,0.20658626355953205
The Time Machine,reader,0.1731072267095145
The Time Machine,account,0.12003265020477479
The Time Machine,captivate,0.12003265020477479
The Time Machine,career,0.12003265020477479
The Time Machine,duality,0.12003265020477479
The Time Machine,earn,0.12003265020477479
The Time Machine,eloi,0.12003265020477479
The Time Machine,enthrall,0.12003265020477479
The Time Machine,ethereal,0.12003265020477479
The Time Machine,expert,0.12003265020477479
The Time Machine,explorer,0.12003265020477479
The Time Machine,firsthand,0.12003265020477479
Percy Jackson and the Sword of Hades,deary,0.19789466829836605
Percy Jackson and the Sword of Hades,files,0.19789466829836605
Percy Jackson and the Sword of Hades,flip,0.19789466829836605
Percy Jackson and the Sword of Hades,greeks,0.19789466829836605
Percy Jackson and the Sword of Hades,groovy,0.19789466829836605
Percy Jackson and the Sword of Hades,hades,0.19789466829836605
Percy Jackson and the Sword of Hades,nico,0.19789466829836605
Percy Jackson and the Sword of Hades,persephone,0.19789466829836605
Percy Jackson and the Sword of Hades,terry,0.19789466829836605
Percy Jackson and the Sword of Hades,thalia,0.19789466829836605
Percy Jackson and the Sword of Hades,goddess,0.18175087142059237
Percy Jackson and the Sword of Hades,nasty,0.18175087142059237
Percy Jackson and the Sword of Hades,print,0.18175087142059237
Percy Jackson and the Sword of Hades,retrieve,0.18175087142059237
Percy Jackson and the Sword of Hades,summon,0.18175087142059237
Feet of Clay,ankh,0.30071985424346476
Feet of Clay,morpork,0.30071985424346476
Feet of Clay,air,0.19302545724397882
Feet of Clay,commander,0.19302545724397882
Feet of Clay,dun,0.19302545724397882
Feet of Clay,golem,0.19302545724397882
Feet of Clay,howdunit,0.19302545724397882
Feet of Clay,lunar,0.19302545724397882
Feet of Clay,tension,0.19302545724397882
Feet of Clay,vimes,0.19302545724397882
Feet of Clay,werewolf,0.19302545724397882
Feet of Clay,whodunit,0.19302545724397882
Feet of Clay,attitude,0.17727887952775687
Feet of Clay,crime,0.17727887952775687
Feet of Clay,pre,0.17727887952775687
Harry Potter and the Cursed Child: Parts One and Two,jack,0.29221401974845096
Harry Potter and the Cursed Child: Parts One and Two,thorne,0.29221401974845096
Harry Potter and the Cursed Child: Parts One and Two,harry,0.25598434412244325
Harry Potter and the Cursed Child: Parts One and Two,potter,0.25598434412244325
Harry Potter and the Cursed Child: Parts One and Two,child,0.21856142364682468
Harry Potter and the Cursed Child: Parts One and Two,cursed,0.1948093464989673
Harry Potter and the Cursed Child: Parts One and Two,tiffany,0.1948093464989673
Harry Potter and the Cursed Child: Parts One and Two,john,0.16764161638953365
Harry Potter and the Cursed Child: Parts One and Two,original,0.15174951304580186
Harry Potter and the Cursed Child: Parts One and Two,past,0.14047388628009996
Harry Potter and the Cursed Child: Parts One and Two,father,0.1358574097020701
Harry Potter and the Cursed Child: Parts One and Two,son,0.1358574097020701
Harry Potter and the Cursed Child: Parts One and Two,family,0.12144452905971498
Harry Potter and the Cursed Child: Parts One and Two,story,0.09908216625294221
Harry Potter and the Cursed Child: Parts One and Two,belong,0.09740467324948365
The Red Pyramid,carter,0.5188757266816327
The Red Pyramid,sadie,0.4215474722562238
The Red Pyramid,father,0.3003563439268456
The Red Pyramid,live,0.17473595163175507
The Red Pyramid,julius,0.17227539728756153
The Red Pyramid,kane,0.14051582408540794
The Red Pyramid,bring,0.11318708618357681
The Red Pyramid,accord,0.08613769864378076
The Red Pyramid,banish,0.08613769864378076
The Red Pyramid,british,0.08613769864378076
The Red Pyramid,christmas,0.08613769864378076
The Red Pyramid,common,0.08613769864378076
The Red Pyramid,egyptologist,0.08613769864378076
The Red Pyramid,eve,0.08613769864378076
The Red Pyramid,explosion,0.08613769864378076
Percy Jackson's Greek Gods,greek,0.31585433514982
Percy Jackson's Greek Gods,write,0.1930927957705738
Percy Jackson's Greek Gods,percy,0.18615701926255426
Percy Jackson's Greek Gods,like,0.18003923081077153
Percy Jackson's Greek Gods,god,0.14700523138275398
Percy Jackson's Greek Gods,know,0.1336132862810544
Percy Jackson's Greek Gods,add,0.1290813838396358
Percy Jackson's Greek Gods,anonymously,0.1290813838396358
Percy Jackson's Greek Gods,backstabbing,0.1290813838396358
Percy Jackson's Greek Gods,bath,0.1290813838396358
Percy Jackson's Greek Gods,caldecott,0.1290813838396358
Percy Jackson's Greek Gods,cannibalism,0.1290813838396358
Percy Jackson's Greek Gods,classroom,0.1290813838396358
Percy Jackson's Greek Gods,color,0.1290813838396358
Percy Jackson's Greek Gods,deed,0.1290813838396358
The Maze Runner,ai,0.3069902264784226
The Maze Runner,glade,0.3069902264784226
The Maze Runner,remember,0.2641779704491981
The Maze Runner,surround,0.25039550242787983
The Maze Runner,girl,0.21409084175245893
The Maze Runner,go,0.18253968205028576
The Maze Runner,change,0.17127858572323443
The Maze Runner,lift,0.1534951132392113
The Maze Runner,limitless,0.1534951132392113
The Maze Runner,maze,0.1534951132392113
The Maze Runner,outside,0.1534951132392113
The Maze Runner,scared,0.1534951132392113
The Maze Runner,shank,0.1534951132392113
The Maze Runner,ya,0.1534951132392113
The Maze Runner,arrive,0.1409733310650265
"Chainsaw Man, Vol. 1: Dog and Chainsaw",devil,0.4942877690287078
"Chainsaw Man, Vol. 1: Dog and Chainsaw",denji,0.3295251793524719
"Chainsaw Man, Vol. 1: Dog and Chainsaw",simple,0.3295251793524719
"Chainsaw Man, Vol. 1: Dog and Chainsaw",man,0.2873306092918181
"Chainsaw Man, Vol. 1: Dog and Chainsaw",chainsaw,0.16476258967623594
"Chainsaw Man, Vol. 1: Dog and Chainsaw",debt,0.16476258967623594
"Chainsaw Man, Vol. 1: Dog and Chainsaw",drown,0.16476258967623594
"Chainsaw Man, Vol. 1: Dog and Chainsaw",mountain,0.16476258967623594
"Chainsaw Man, Vol. 1: Dog and Chainsaw",pet,0.16476258967623594
"Chainsaw Man, Vol. 1: Dog and Chainsaw",pochita,0.16476258967623594
"Chainsaw Man, Vol. 1: Dog and Chainsaw",poor,0.16476258967623594
"Chainsaw Man, Vol. 1: Dog and Chainsaw",sad,0.16476258967623594
"Chainsaw Man, Vol. 1: Dog and Chainsaw",trust,0.16476258967623594
"Chainsaw Man, Vol. 1: Dog and Chainsaw",betray,0.15132163240507387
"Chainsaw Man, Vol. 1: Dog and Chainsaw",dog,0.15132163240507387
Guards! Guards!,sardine,0.45917636951889795
Guards! Guards!,space,0.2936461305629203
Guards! Guards!,asleep,0.22958818475944898
Guards! Guards!,dormant,0.22958818475944898
Guards! Guards!,huge,0.22958818475944898
Guards! Guards!,key,0.22958818475944898
Guards! Guards!,occupy,0.22958818475944898
Guards! Guards!,presumably,0.22958818475944898
Guards! Guards!,scaly,0.22958818475944898
Guards! Guards!,tightly,0.22958818475944898
Guards! Guards!,dragon,0.21085890290378453
Guards! Guards!,normal,0.21085890290378453
Guards! Guards!,pack,0.18726279834315104
Guards! Guards!,lie,0.17884098409262236
Guards! Guards!,think,0.17172044160205419
The Second Jungle Book,jungle,0.4360904537260884
The Second Jungle Book,kipling,0.4360904537260884
The Second Jungle Book,book,0.28892750418206714
The Second Jungle Book,story,0.241501523695621
The Second Jungle Book,unrelated,0.23741282507664066
The Second Jungle Book,vermont,0.23741282507664066
The Second Jungle Book,india,0.2180452268630442
The Second Jungle Book,mowgli,0.2180452268630442
The Second Jungle Book,rudyard,0.2180452268630442
The Second Jungle Book,sequel,0.20430369724413933
The Second Jungle Book,publish,0.19364493879763997
The Second Jungle Book,feature,0.1849360990305429
The Second Jungle Book,write,0.17757287992353493
The Second Jungle Book,set,0.16556850081694646
The Second Jungle Book,live,0.16053581096513864
Children of Dune,alia,0.32372430106863237
Children of Dune,twin,0.32372430106863237
Children of Dune,ghanima,0.21581620071242158
Children of Dune,leto,0.19821040598741566
Children of Dune,herbert,0.18571889583680815
Children of Dune,atreides,0.17602972781695775
Children of Dune,dune,0.17602972781695775
Children of Dune,vision,0.17602972781695775
Children of Dune,father,0.15050730638679638
Children of Dune,rule,0.15050730638679638
Children of Dune,house,0.1417939374655714
Children of Dune,aunt,0.10790810035621079
Children of Dune,children,0.10790810035621079
Children of Dune,corrino,0.10790810035621079
Children of Dune,empire,0.10790810035621079
"Death Note, Vol. 1: Boredom",light,0.501676260840198
"Death Note, Vol. 1: Boredom",death,0.24950831980074217
"Death Note, Vol. 1: Boredom",note,0.2144692934359699
"Death Note, Vol. 1: Boredom",authority,0.20502193189158055
"Death Note, Vol. 1: Boredom",notebook,0.20502193189158055
"Death Note, Vol. 1: Boredom",drop,0.18829670906265528
"Death Note, Vol. 1: Boredom",police,0.18829670906265528
"Death Note, Vol. 1: Boredom",father,0.14297952895731328
"Death Note, Vol. 1: Boredom",begin,0.11924606006233014
"Death Note, Vol. 1: Boredom",access,0.10251096594579027
"Death Note, Vol. 1: Boredom",ace,0.10251096594579027
"Death Note, Vol. 1: Boredom",agency,0.10251096594579027
"Death Note, Vol. 1: Boredom",ahead,0.10251096594579027
"Death Note, Vol. 1: Boredom",bore,0.10251096594579027
"Death Note, Vol. 1: Boredom",case,0.10251096594579027
Mort,death,0.39610416394807707
Mort,mort,0.390576351062547
Mort,offer,0.3042450074707368
Mort,job,0.2240715584831156
Mort,humanity,0.20283000498049122
Mort,love,0.17606881246169587
Mort,come,0.13476301605702024
Mort,apprentice,0.130192117020849
Mort,baffle,0.130192117020849
Mort,boss,0.130192117020849
Mort,compulsory,0.130192117020849
Mort,endlessly,0.130192117020849
Mort,fond,0.130192117020849
Mort,skeleton,0.130192117020849
Mort,usher,0.130192117020849
"Bleach, Vol. 1",ichigo,0.5287600849212788
"Bleach, Vol. 1",soul,0.3389880091335446
"Bleach, Vol. 1",reaper,0.27750002285335473
"Bleach, Vol. 1",spirit,0.26001156489375304
"Bleach, Vol. 1",rukia,0.22661146496626236
"Bleach, Vol. 1",energy,0.15107430997750823
"Bleach, Vol. 1",hollow,0.15107430997750823
"Bleach, Vol. 1",kurosaki,0.15107430997750823
"Bleach, Vol. 1",ghost,0.13875001142667737
"Bleach, Vol. 1",innocent,0.13000578244687652
"Bleach, Vol. 1",ability,0.1232232315168583
"Bleach, Vol. 1",protect,0.1232232315168583
"Bleach, Vol. 1",peace,0.11768148389604567
"Bleach, Vol. 1",find,0.11728376951986576
"Bleach, Vol. 1",help,0.10535718534521481
Harry Potter and the Methods of Rationality,harry,0.36163185251021374
Harry Potter and the Methods of Rationality,fiction,0.28583757186872866
Harry Potter and the Methods of Rationality,science,0.2645986386338425
Harry Potter and the Methods of Rationality,potter,0.24108790167347585
Harry Potter and the Methods of Rationality,apply,0.18347284766505917
Harry Potter and the Methods of Rationality,biochemistry,0.18347284766505917
Harry Potter and the Methods of Rationality,evans,0.18347284766505917
Harry Potter and the Methods of Rationality,fascinate,0.18347284766505917
Harry Potter and the Methods of Rationality,marry,0.18347284766505917
Harry Potter and the Methods of Rationality,methods,0.18347284766505917
Harry Potter and the Methods of Rationality,oxford,0.18347284766505917
Harry Potter and the Methods of Rationality,petunia,0.18347284766505917
Harry Potter and the Methods of Rationality,principle,0.18347284766505917
Harry Potter and the Methods of Rationality,rationality,0.18347284766505917
Harry Potter and the Methods of Rationality,scientific,0.18347284766505917
Equal Rites,eighth,0.34776402288344355
Equal Rites,son,0.2973419716745199
Equal Rites,baby,0.21318305462931644
Equal Rites,billet,0.21318305462931644
Equal Rites,bony,0.21318305462931644
Equal Rites,chauvinistic,0.21318305462931644
Equal Rites,colleague,0.21318305462931644
Equal Rites,drum,0.21318305462931644
Equal Rites,misogynistic,0.21318305462931644
Equal Rites,newborn,0.21318305462931644
Equal Rites,sex,0.21318305462931644
Equal Rites,shoulder,0.21318305462931644
Equal Rites,staff,0.21318305462931644
Equal Rites,check,0.1957920659720064
Equal Rites,pass,0.1957920659720064
The Incredible Hulk: Planet Hulk,hulk,0.4767309329633211
The Incredible Hulk: Planet Hulk,incredible,0.2810400591759279
The Incredible Hulk: Planet Hulk,planet,0.2134024300219651
The Incredible Hulk: Planet Hulk,collect,0.18620036778856833
The Incredible Hulk: Planet Hulk,axis,0.1530015478178117
The Incredible Hulk: Planet Hulk,barbarian,0.1530015478178117
The Incredible Hulk: Planet Hulk,blaster,0.1530015478178117
The Incredible Hulk: Planet Hulk,corrupt,0.1530015478178117
The Incredible Hulk: Planet Hulk,deluxe,0.1530015478178117
The Incredible Hulk: Planet Hulk,excello,0.1530015478178117
The Incredible Hulk: Planet Hulk,extra,0.1530015478178117
The Incredible Hulk: Planet Hulk,hardcover,0.1530015478178117
The Incredible Hulk: Planet Hulk,let,0.1530015478178117
The Incredible Hulk: Planet Hulk,oppressed,0.1530015478178117
The Incredible Hulk: Planet Hulk,smashing,0.1530015478178117
"I, Robot",robot,0.6499615731071116
"I, Robot",human,0.2584502831055473
"I, Robot",humanity,0.16929019011879914
"I, Robot",asimov,0.14488486385137064
"I, Robot",intelligence,0.14488486385137064
"I, Robot",isaac,0.14488486385137064
"I, Robot",man,0.12633285349963397
"I, Robot",machine,0.12467950436120395
"I, Robot",struggle,0.11817483147402028
"I, Robot",future,0.09796947198385361
"I, Robot",adventure,0.09265476725569942
"I, Robot",aware,0.07244243192568532
"I, Robot",bend,0.07244243192568532
"I, Robot",bold,0.07244243192568532
"I, Robot",confront,0.07244243192568532
Civil War: A Marvel Comics Event,brother,0.23502130896920892
Civil War: A Marvel Comics Event,hero,0.17533151305605818
Civil War: A Marvel Comics Event,friend,0.1713318114674917
Civil War: A Marvel Comics Event,brew,0.14407056869660342
Civil War: A Marvel Comics Event,champion,0.14407056869660342
Civil War: A Marvel Comics Event,hill,0.14407056869660342
Civil War: A Marvel Comics Event,misstep,0.14407056869660342
Civil War: A Marvel Comics Event,msrp,0.14407056869660342
Civil War: A Marvel Comics Event,pit,0.14407056869660342
Civil War: A Marvel Comics Event,propose,0.14407056869660342
Civil War: A Marvel Comics Event,rating,0.14407056869660342
Civil War: A Marvel Comics Event,react,0.14407056869660342
Civil War: A Marvel Comics Event,registration,0.14407056869660342
Civil War: A Marvel Comics Event,ultimates,0.14407056869660342
Civil War: A Marvel Comics Event,unmask,0.14407056869660342
Dune,melange,0.30107358681868107
Dune,atreides,0.24556961602335012
Dune,paul,0.24556961602335012
Dune,boy,0.22518793524757166
Dune,set,0.209964657086482
Dune,family,0.18768986509437194
Dune,know,0.15582197118852106
Dune,capable,0.15053679340934054
Dune,drug,0.15053679340934054
Dune,evolve,0.15053679340934054
Dune,extend,0.15053679340934054
Dune,fruition,0.15053679340934054
Dune,imagine,0.15053679340934054
Dune,inhospitable,0.15053679340934054
Dune,spice,0.15053679340934054
"Captain Marvel, Vol. 1: Higher, Further, Faster, More",carol,0.42962703744333597
"Captain Marvel, Vol. 1: Higher, Further, Faster, More",marvel,0.3373144954413826
"Captain Marvel, Vol. 1: Higher, Further, Faster, More",captain,0.3019134841261105
"Captain Marvel, Vol. 1: Higher, Further, Faster, More",girl,0.1631145646324976
"Captain Marvel, Vol. 1: Higher, Further, Faster, More",new,0.1573717116694156
"Captain Marvel, Vol. 1: Higher, Further, Faster, More",hero,0.1423226151788296
"Captain Marvel, Vol. 1: Higher, Further, Faster, More",come,0.12105291120554781
"Captain Marvel, Vol. 1: Higher, Further, Faster, More",alliance,0.11694703222372803
"Captain Marvel, Vol. 1: Higher, Further, Faster, More",blackmail,0.11694703222372803
"Captain Marvel, Vol. 1: Higher, Further, Faster, More",crossroad,0.11694703222372803
"Captain Marvel, Vol. 1: Higher, Further, Faster, More",danvers,0.11694703222372803
"Captain Marvel, Vol. 1: Higher, Further, Faster, More",forced,0.11694703222372803
"Captain Marvel, Vol. 1: Higher, Further, Faster, More",guardians,0.11694703222372803
"Captain Marvel, Vol. 1: Higher, Further, Faster, More",headfirst,0.11694703222372803
"Captain Marvel, Vol. 1: Higher, Further, Faster, More",homeworld,0.11694703222372803
Sourcery,son,0.5939107609675918
Sourcery,eighth,0.5209678126788551
Sourcery,wizard,0.2723092603807769
Sourcery,naturally,0.21290588322809378
Sourcery,sourcerer,0.21290588322809378
Sourcery,square,0.21290588322809378
Sourcery,reason,0.18321444553168884
Sourcery,seven,0.18321444553168884
Sourcery,source,0.18321444553168884
Sourcery,well,0.15352300783528386
Sourcery,end,0.1439644998632134
Sourcery,magic,0.1439644998632134
Sourcery,ability,0.0
Sourcery,able,0.0
Sourcery,aboard,0.0
Spider-Man: Maximum Carnage,spider,0.5140419029709846
Spider-Man: Maximum Carnage,man,0.3504427367535793
Spider-Man: Maximum Carnage,carnage,0.2460792099189842
Spider-Man: Maximum Carnage,venom,0.17862459472284695
Spider-Man: Maximum Carnage,ally,0.15371395841329494
Spider-Man: Maximum Carnage,web,0.14569452472372887
Spider-Man: Maximum Carnage,evil,0.1173585881427604
Spider-Man: Maximum Carnage,find,0.09244795183320838
Spider-Man: Maximum Carnage,assemble,0.08931229736142347
Spider-Man: Maximum Carnage,band,0.08931229736142347
Spider-Man: Maximum Carnage,carrion,0.08931229736142347
Spider-Man: Maximum Carnage,carry,0.08931229736142347
Spider-Man: Maximum Carnage,cloak,0.08931229736142347
Spider-Man: Maximum Carnage,code,0.08931229736142347
Spider-Man: Maximum Carnage,crawler,0.08931229736142347
The Titan’s Curse,half,0.4544398085104137
The Titan’s Curse,chain,0.21007254910117978
The Titan’s Curse,doomsday,0.21007254910117978
The Titan’s Curse,everyday,0.21007254910117978
The Titan’s Curse,lion,0.21007254910117978
The Titan’s Curse,oracle,0.21007254910117978
The Titan’s Curse,predict,0.21007254910117978
The Titan’s Curse,annabeth,0.19293530840921524
The Titan’s Curse,combat,0.19293530840921524
The Titan’s Curse,defeat,0.19293530840921524
The Titan’s Curse,goddess,0.19293530840921524
The Titan’s Curse,guess,0.19293530840921524
The Titan’s Curse,oh,0.19293530840921524
The Titan’s Curse,miss,0.18077624263565886
The Titan’s Curse,greek,0.17134493850797736
Soul Music,especially,0.31259961219082394
Soul Music,grandfather,0.31259961219082394
Soul Music,music,0.31259961219082394
Soul Music,family,0.19487521193940965
Soul Music,addictive,0.15629980609541197
Soul Music,beat,0.15629980609541197
Soul Music,business,0.15629980609541197
Soul Music,dance,0.15629980609541197
Soul Music,fade,0.15629980609541197
Soul Music,hard,0.15629980609541197
Soul Music,lawless,0.15629980609541197
Soul Music,normally,0.15629980609541197
Soul Music,rocks,0.15629980609541197
Soul Music,tooth,0.15629980609541197
Soul Music,vest,0.15629980609541197
World War Hulk,hulk,0.5598944844942432
World War Hulk,war,0.22404065959675365
World War Hulk,planet,0.1879721378749296
World War Hulk,aftersmash,0.1796919746948031
World War Hulk,warbound,0.1796919746948031
World War Hulk,gladiator,0.16503311215452868
World War Hulk,iron,0.16503311215452868
World War Hulk,rage,0.15463248366383517
World War Hulk,world,0.1503915530427011
World War Hulk,rise,0.1399736211235608
World War Hulk,marvel,0.12957299263286723
World War Hulk,hero,0.1093410892047569
World War Hulk,story,0.09139330545993257
World War Hulk,blasted,0.08984598734740155
World War Hulk,bleed,0.08984598734740155
Eric,eric,0.3276633593946668
Eric,wish,0.2552380372127363
Eric,accessory,0.1638316796973334
Eric,demonology,0.1638316796973334
Eric,extremely,0.1638316796973334
Eric,fancy,0.1638316796973334
Eric,fervently,0.1638316796973334
Eric,incompetent,0.1638316796973334
Eric,intractable,0.1638316796973334
Eric,luggage,0.1638316796973334
Eric,madly,0.1638316796973334
Eric,pity,0.1638316796973334
Eric,probably,0.1638316796973334
Eric,rincewind,0.1638316796973334
Eric,stuff,0.1638316796973334
"Astonishing X-Men, Vol. 1: Gifted",men,0.5243306571551791
"Astonishing X-Men, Vol. 1: Gifted",airwave,0.14272592019142338
"Astonishing X-Men, Vol. 1: Gifted",astonish,0.14272592019142338
"Astonishing X-Men, Vol. 1: Gifted",buffy,0.14272592019142338
"Astonishing X-Men, Vol. 1: Gifted",cassaday,0.14272592019142338
"Astonishing X-Men, Vol. 1: Gifted",creator,0.14272592019142338
"Astonishing X-Men, Vol. 1: Gifted",cyclop,0.14272592019142338
"Astonishing X-Men, Vol. 1: Gifted",derail,0.14272592019142338
"Astonishing X-Men, Vol. 1: Gifted",emma,0.14272592019142338
"Astonishing X-Men, Vol. 1: Gifted",explosive,0.14272592019142338
"Astonishing X-Men, Vol. 1: Gifted",express,0.14272592019142338
"Astonishing X-Men, Vol. 1: Gifted",flagship,0.14272592019142338
"Astonishing X-Men, Vol. 1: Gifted",frost,0.14272592019142338
"Astonishing X-Men, Vol. 1: Gifted",gene,0.14272592019142338
"Astonishing X-Men, Vol. 1: Gifted",greatness,0.14272592019142338
Percy Jackson and the Singer of Apollo,grover,0.3848407974617438
Percy Jackson and the Singer of Apollo,percy,0.2775025089408149
Percy Jackson and the Singer of Apollo,celedones,0.25656053164116255
Percy Jackson and the Singer of Apollo,singer,0.25656053164116255
Percy Jackson and the Singer of Apollo,apollo,0.2356309070823853
Percy Jackson and the Singer of Apollo,go,0.1525536444910952
Percy Jackson and the Singer of Apollo,attention,0.12828026582058127
Percy Jackson and the Singer of Apollo,automaton,0.12828026582058127
Percy Jackson and the Singer of Apollo,backup,0.12828026582058127
Percy Jackson and the Singer of Apollo,blissful,0.12828026582058127
Percy Jackson and the Singer of Apollo,cagey,0.12828026582058127
Percy Jackson and the Singer of Apollo,celedon,0.12828026582058127
Percy Jackson and the Singer of Apollo,chord,0.12828026582058127
Percy Jackson and the Singer of Apollo,chryseae,0.12828026582058127
Percy Jackson and the Singer of Apollo,concert,0.12828026582058127
The Giver,futuristic,0.2711460537388505
The Giver,giver,0.2711460537388505
The Giver,jonas,0.2711460537388505
The Giver,joy,0.2711460537388505
The Giver,pain,0.2711460537388505
The Giver,utopian,0.2711460537388505
The Giver,receive,0.24902657546584211
The Giver,seemingly,0.24902657546584211
The Giver,special,0.24902657546584211
The Giver,hold,0.2333325558723396
The Giver,memory,0.2333325558723396
The Giver,single,0.22115932854314632
The Giver,training,0.21121307759933122
The Giver,boy,0.20280364224959724
The Giver,true,0.20280364224959724
The Two Towers,ring,0.5597461631616992
The Two Towers,rings,0.2986974312717985
The Two Towers,lord,0.2533416508335067
The Two Towers,frodo,0.19913162084786568
The Two Towers,journey,0.15634486742837184
The Two Towers,anduin,0.10840962067304714
The Two Towers,boromir,0.10840962067304714
The Two Towers,companions,0.10840962067304714
The Two Towers,mines,0.10840962067304714
The Two Towers,moria,0.10840962067304714
The Two Towers,orcs,0.10840962067304714
The Two Towers,prime,0.10840962067304714
The Two Towers,river,0.10840962067304714
The Two Towers,sam,0.10840962067304714
The Two Towers,seduce,0.10840962067304714
The Hunger Games,live,0.2625948740907152
The Hunger Games,games,0.23777689040200656
The Hunger Games,survival,0.23777689040200656
The Hunger Games,district,0.22279184244127975
The Hunger Games,katniss,0.22279184244127975
The Hunger Games,sister,0.22279184244127975
The Hunger Games,capitol,0.2111685362335882
The Hunger Games,place,0.18055136468317726
The Hunger Games,death,0.15753677455910517
The Hunger Games,contender,0.12944856464052892
The Hunger Games,eighteen,0.12944856464052892
The Hunger Games,line,0.12944856464052892
The Hunger Games,north,0.12944856464052892
The Hunger Games,outlying,0.12944856464052892
The Hunger Games,participate,0.12944856464052892
Mockingjay,katniss,0.5639354943359903
Mockingjay,rebel,0.21844199048978952
Mockingjay,revolution,0.21844199048978952
Mockingjay,design,0.20062198980777596
Mockingjay,district,0.18797849811199677
Mockingjay,everdeen,0.18797849811199677
Mockingjay,capitol,0.17817144404719823
Mockingjay,arena,0.10922099524489476
Mockingjay,distrust,0.10922099524489476
Mockingjay,feeling,0.10922099524489476
Mockingjay,hinge,0.10922099524489476
Mockingjay,matter,0.10922099524489476
Mockingjay,mockingjay,0.10922099524489476
Mockingjay,overthrow,0.10922099524489476
Mockingjay,quell,0.10922099524489476
"One Piece, Volume 1: Romance Dawn",fruit,0.3124514786062062
"One Piece, Volume 1: Romance Dawn",gum,0.3124514786062062
"One Piece, Volume 1: Romance Dawn",monkey,0.3124514786062062
"One Piece, Volume 1: Romance Dawn",ambition,0.1562257393031031
"One Piece, Volume 1: Romance Dawn",anybody,0.1562257393031031
"One Piece, Volume 1: Romance Dawn",crewmate,0.1562257393031031
"One Piece, Volume 1: Romance Dawn",curse,0.1562257393031031
"One Piece, Volume 1: Romance Dawn",elusive,0.1562257393031031
"One Piece, Volume 1: Romance Dawn",fighting,0.1562257393031031
"One Piece, Volume 1: Romance Dawn",invoke,0.1562257393031031
"One Piece, Volume 1: Romance Dawn",japan,0.1562257393031031
"One Piece, Volume 1: Romance Dawn",luffy,0.1562257393031031
"One Piece, Volume 1: Romance Dawn",main,0.1562257393031031
"One Piece, Volume 1: Romance Dawn",pirate,0.1562257393031031
"One Piece, Volume 1: Romance Dawn",roronoa,0.1562257393031031
